/*
SQLyog Ultimate v11.3 (64 bit)
MySQL - 5.7.32-log : Database - wangshangchongwudian
*********************************************************************
*/


/*!40101 SET NAMES utf8 */;

/*!40101 SET SQL_MODE=''*/;

/*!40014 SET @OLD_UNIQUE_CHECKS=@@UNIQUE_CHECKS, UNIQUE_CHECKS=0 */;
/*!40014 SET @OLD_FOREIGN_KEY_CHECKS=@@FOREIGN_KEY_CHECKS, FOREIGN_KEY_CHECKS=0 */;
/*!40101 SET @OLD_SQL_MODE=@@SQL_MODE, SQL_MODE='NO_AUTO_VALUE_ON_ZERO' */;
/*!40111 SET @OLD_SQL_NOTES=@@SQL_NOTES, SQL_NOTES=0 */;
CREATE DATABASE /*!32312 IF NOT EXISTS*/`wangshangchongwudian` /*!40100 DEFAULT CHARACTER SET utf8 */;

USE `wangshangchongwudian`;

/*Table structure for table `address` */

DROP TABLE IF EXISTS `address`;

CREATE TABLE `address` (
  `id` int(20) NOT NULL AUTO_INCREMENT COMMENT 'дё»й”® ',
  `yonghu_id` int(20) NOT NULL COMMENT 'еҲӣе»әз”ЁжҲ·',
  `address_name` varchar(200) NOT NULL COMMENT 'ж”¶иҙ§дәә ',
  `address_phone` varchar(200) NOT NULL COMMENT 'з”өиҜқ ',
  `address_dizhi` varchar(200) NOT NULL COMMENT 'ең°еқҖ ',
  `isdefault_types` int(11) NOT NULL COMMENT 'жҳҜеҗҰй»ҳи®Өең°еқҖ ',
  `insert_time` timestamp NOT NULL DEFAULT CURRENT_TIMESTAMP COMMENT 'ж·»еҠ ж—¶й—ҙ',
  `update_time` timestamp NOT NULL DEFAULT CURRENT_TIMESTAMP COMMENT 'дҝ®ж”№ж—¶й—ҙ',
  `create_time` timestamp NOT NULL DEFAULT CURRENT_TIMESTAMP COMMENT 'еҲӣе»әж—¶й—ҙ show3',
  PRIMARY KEY (`id`)
) ENGINE=InnoDB AUTO_INCREMENT=15 DEFAULT CHARSET=utf8 COMMENT='ж”¶иҙ§ең°еқҖ';

/*Data for the table `address` */

insert  into `address`(`id`,`yonghu_id`,`address_name`,`address_phone`,`address_dizhi`,`isdefault_types`,`insert_time`,`update_time`,`create_time`) values (1,1,'ж”¶иҙ§дәә1','17703786901','ең°еқҖ1',1,'2023-03-11 16:32:48','2023-03-11 16:32:48','2023-03-11 16:32:48'),(2,3,'ж”¶иҙ§дәә2','17703786902','ең°еқҖ2',1,'2023-03-11 16:32:48','2023-03-11 16:32:48','2023-03-11 16:32:48'),(3,1,'ж”¶иҙ§дәә3','17703786903','ең°еқҖ3',1,'2023-03-11 16:32:48','2023-03-11 16:32:48','2023-03-11 16:32:48'),(4,1,'ж”¶иҙ§дәә4','17703786904','ең°еқҖ4',1,'2023-03-11 16:32:48','2023-03-11 16:32:48','2023-03-11 16:32:48'),(5,1,'ж”¶иҙ§дәә5','17703786905','ең°еқҖ5',1,'2023-03-11 16:32:48','2023-03-11 16:32:48','2023-03-11 16:32:48'),(6,1,'ж”¶иҙ§дәә6','17703786906','ең°еқҖ6',1,'2023-03-11 16:32:48','2023-03-11 16:32:48','2023-03-11 16:32:48'),(7,3,'ж”¶иҙ§дәә7','17703786907','ең°еқҖ7',1,'2023-03-11 16:32:48','2023-03-11 16:32:48','2023-03-11 16:32:48'),(8,1,'ж”¶иҙ§дәә8','17703786908','ең°еқҖ8',1,'2023-03-11 16:32:48','2023-03-11 16:32:48','2023-03-11 16:32:48'),(9,3,'ж”¶иҙ§дәә9','17703786909','ең°еқҖ9',1,'2023-03-11 16:32:48','2023-03-11 16:32:48','2023-03-11 16:32:48'),(10,1,'ж”¶иҙ§дәә10','17703786910','ең°еқҖ10',1,'2023-03-11 16:32:48','2023-03-11 16:32:48','2023-03-11 16:32:48'),(11,3,'ж”¶иҙ§дәә11','17703786911','ең°еқҖ11',1,'2023-03-11 16:32:48','2023-03-11 16:32:48','2023-03-11 16:32:48'),(12,1,'ж”¶иҙ§дәә12','17703786912','ең°еқҖ12',1,'2023-03-11 16:32:48','2023-03-11 16:32:48','2023-03-11 16:32:48'),(13,1,'ж”¶иҙ§дәә13','17703786913','ең°еқҖ13',1,'2023-03-11 16:32:48','2023-03-11 16:32:48','2023-03-11 16:32:48'),(14,1,'ж”¶иҙ§дәә14','17703786914','ең°еқҖ14',1,'2023-03-11 16:32:48','2023-03-11 16:32:48','2023-03-11 16:32:48');

/*Table structure for table `cart` */

DROP TABLE IF EXISTS `cart`;

CREATE TABLE `cart` (
  `id` int(11) NOT NULL AUTO_INCREMENT COMMENT 'дё»й”®',
  `yonghu_id` int(11) DEFAULT NULL COMMENT 'жүҖеұһз”ЁжҲ·',
  `chongwuyongpin_id` int(11) DEFAULT NULL COMMENT 'е•Ҷе“Ғ',
  `buy_number` int(11) DEFAULT NULL COMMENT 'иҙӯд№°ж•°йҮҸ',
  `create_time` timestamp NULL DEFAULT NULL COMMENT 'ж·»еҠ ж—¶й—ҙ',
  `update_time` timestamp NULL DEFAULT NULL COMMENT 'жӣҙж–°ж—¶й—ҙ',
  `insert_time` timestamp NULL DEFAULT NULL COMMENT 'еҲӣе»әж—¶й—ҙ',
  PRIMARY KEY (`id`)
) ENGINE=InnoDB AUTO_INCREMENT=7 DEFAULT CHARSET=utf8 COMMENT='иҙӯзү©иҪҰ';

/*Data for the table `cart` */

/*Table structure for table `chat` */

DROP TABLE IF EXISTS `chat`;

CREATE TABLE `chat` (
  `id` int(11) NOT NULL AUTO_INCREMENT COMMENT 'дё»й”®',
  `yonghu_id` int(11) DEFAULT NULL COMMENT 'жҸҗй—®з”ЁжҲ·',
  `chat_issue` varchar(200) DEFAULT NULL COMMENT 'й—®йўҳ',
  `issue_time` timestamp NULL DEFAULT NULL COMMENT 'й—®йўҳж—¶й—ҙ Search111',
  `chat_reply` varchar(200) DEFAULT NULL COMMENT 'еӣһеӨҚ',
  `reply_time` timestamp NULL DEFAULT NULL COMMENT 'еӣһеӨҚж—¶й—ҙ Search111',
  `zhuangtai_types` int(255) DEFAULT NULL COMMENT 'зҠ¶жҖҒ',
  `chat_types` int(11) DEFAULT NULL COMMENT 'ж•°жҚ®зұ»еһӢ',
  `insert_time` timestamp NULL DEFAULT NULL COMMENT 'еҲӣе»әж—¶й—ҙ',
  PRIMARY KEY (`id`)
) ENGINE=InnoDB AUTO_INCREMENT=3 DEFAULT CHARSET=utf8 COMMENT='е®ўжңҚиҒҠеӨ©';

/*Data for the table `chat` */

insert  into `chat`(`id`,`yonghu_id`,`chat_issue`,`issue_time`,`chat_reply`,`reply_time`,`zhuangtai_types`,`chat_types`,`insert_time`) values (1,1,'123','2023-03-11 17:42:06',NULL,NULL,2,1,'2023-03-11 17:42:07'),(2,1,NULL,NULL,'123123','2023-03-11 17:42:41',NULL,2,'2023-03-11 17:42:41');

/*Table structure for table `chongwujiyang` */

DROP TABLE IF EXISTS `chongwujiyang`;

CREATE TABLE `chongwujiyang` (
  `id` int(11) NOT NULL AUTO_INCREMENT COMMENT 'дё»й”® ',
  `chongwujiyang_name` varchar(200) DEFAULT NULL COMMENT 'еҜ„е…»жңҚеҠЎеҗҚз§°  Search111 ',
  `chongwujiyang_photo` varchar(200) DEFAULT NULL COMMENT 'еҜ„е…»жңҚеҠЎе°Ғйқў',
  `chongwujiyang_types` int(11) DEFAULT NULL COMMENT 'еҜ„е…»жңҚеҠЎзұ»еһӢ Search111',
  `chongwujiyang_new_money` decimal(10,2) DEFAULT NULL COMMENT 'д»·ж ј/еӨ©',
  `chongwujiyang_clicknum` int(11) DEFAULT NULL COMMENT 'еҜ„е…»жңҚеҠЎзғӯеәҰ',
  `chongwujiyang_content` text COMMENT 'еҜ„е…»жңҚеҠЎд»Ӣз»Қ ',
  `chongwujiyang_delete` int(11) DEFAULT NULL COMMENT 'йҖ»иҫ‘еҲ йҷӨ',
  `insert_time` timestamp NULL DEFAULT NULL COMMENT 'еҪ•е…Ҙж—¶й—ҙ',
  `create_time` timestamp NULL DEFAULT NULL COMMENT 'еҲӣе»әж—¶й—ҙ  show1 show2 photoShow',
  PRIMARY KEY (`id`)
) ENGINE=InnoDB AUTO_INCREMENT=15 DEFAULT CHARSET=utf8 COMMENT='е® зү©еҜ„е…»';

/*Data for the table `chongwujiyang` */

insert  into `chongwujiyang`(`id`,`chongwujiyang_name`,`chongwujiyang_photo`,`chongwujiyang_types`,`chongwujiyang_new_money`,`chongwujiyang_clicknum`,`chongwujiyang_content`,`chongwujiyang_delete`,`insert_time`,`create_time`) values (1,'еҜ„е…»жңҚеҠЎеҗҚз§°1','upload/chongwujiyang1.jpg',2,'224.12',11,'еҜ„е…»жңҚеҠЎд»Ӣз»Қ1',1,'2023-03-11 16:32:48','2023-03-11 16:32:48'),(2,'еҜ„е…»жңҚеҠЎеҗҚз§°2','upload/chongwujiyang2.jpg',2,'361.60',436,'еҜ„е…»жңҚеҠЎд»Ӣз»Қ2',1,'2023-03-11 16:32:48','2023-03-11 16:32:48'),(3,'еҜ„е…»жңҚеҠЎеҗҚз§°3','upload/chongwujiyang3.jpg',1,'389.80',212,'еҜ„е…»жңҚеҠЎд»Ӣз»Қ3',1,'2023-03-11 16:32:48','2023-03-11 16:32:48'),(4,'еҜ„е…»жңҚеҠЎеҗҚз§°4','upload/chongwujiyang4.jpg',3,'450.48',159,'еҜ„е…»жңҚеҠЎд»Ӣз»Қ4',1,'2023-03-11 16:32:48','2023-03-11 16:32:48'),(5,'еҜ„е…»жңҚеҠЎеҗҚз§°5','upload/chongwujiyang5.jpg',3,'52.37',315,'еҜ„е…»жңҚеҠЎд»Ӣз»Қ5',1,'2023-03-11 16:32:48','2023-03-11 16:32:48'),(6,'еҜ„е…»жңҚеҠЎеҗҚз§°6','upload/chongwujiyang6.jpg',3,'101.53',387,'еҜ„е…»жңҚеҠЎд»Ӣз»Қ6',1,'2023-03-11 16:32:48','2023-03-11 16:32:48'),(7,'еҜ„е…»жңҚеҠЎеҗҚз§°7','upload/chongwujiyang7.jpg',3,'353.63',180,'еҜ„е…»жңҚеҠЎд»Ӣз»Қ7',1,'2023-03-11 16:32:48','2023-03-11 16:32:48'),(8,'еҜ„е…»жңҚеҠЎеҗҚз§°8','upload/chongwujiyang1.jpg',3,'278.85',251,'еҜ„е…»жңҚеҠЎд»Ӣз»Қ8',1,'2023-03-11 16:32:48','2023-03-11 16:32:48'),(9,'еҜ„е…»жңҚеҠЎеҗҚз§°9','upload/chongwujiyang2.jpg',3,'482.27',213,'еҜ„е…»жңҚеҠЎд»Ӣз»Қ9',1,'2023-03-11 16:32:48','2023-03-11 16:32:48'),(10,'еҜ„е…»жңҚеҠЎеҗҚз§°10','upload/chongwujiyang3.jpg',2,'410.38',478,'еҜ„е…»жңҚеҠЎд»Ӣз»Қ10',1,'2023-03-11 16:32:48','2023-03-11 16:32:48'),(11,'еҜ„е…»жңҚеҠЎеҗҚз§°11','upload/chongwujiyang4.jpg',2,'69.58',205,'еҜ„е…»жңҚеҠЎд»Ӣз»Қ11',1,'2023-03-11 16:32:48','2023-03-11 16:32:48'),(12,'еҜ„е…»жңҚеҠЎеҗҚз§°12','upload/chongwujiyang5.jpg',1,'280.04',48,'еҜ„е…»жңҚеҠЎд»Ӣз»Қ12',1,'2023-03-11 16:32:48','2023-03-11 16:32:48'),(13,'еҜ„е…»жңҚеҠЎеҗҚз§°13','upload/chongwujiyang6.jpg',2,'148.79',410,'еҜ„е…»жңҚеҠЎд»Ӣз»Қ13',1,'2023-03-11 16:32:48','2023-03-11 16:32:48'),(14,'еҜ„е…»жңҚеҠЎеҗҚз§°14','upload/chongwujiyang7.jpg',2,'93.48',107,'еҜ„е…»жңҚеҠЎд»Ӣз»Қ14',1,'2023-03-11 16:32:48','2023-03-11 16:32:48');

/*Table structure for table `chongwujiyang_yuyue` */

DROP TABLE IF EXISTS `chongwujiyang_yuyue`;

CREATE TABLE `chongwujiyang_yuyue` (
  `id` int(11) NOT NULL AUTO_INCREMENT COMMENT 'дё»й”®',
  `chongwujiyang_id` int(11) DEFAULT NULL COMMENT 'е® зү©еҜ„е…» ',
  `yonghu_id` int(11) DEFAULT NULL COMMENT 'з”ЁжҲ·',
  `chongwujiyang_yuyue_name` varchar(200) DEFAULT NULL COMMENT 'е® зү©еҗҚз§°  Search111 ',
  `chongwu_types` int(11) DEFAULT NULL COMMENT 'е® зү©зұ»еһӢ  Search111 ',
  `chongwu_zhongliang` int(11) DEFAULT NULL COMMENT 'е® зү©йҮҚйҮҸ',
  `chongwujiyang_yuyue_time` timestamp NULL DEFAULT NULL COMMENT 'еҜ„е…»ејҖе§Ӣж—¶й—ҙ',
  `chongwujiyang_yuyue_num` int(11) DEFAULT NULL COMMENT 'еҜ„е…»еӨ©ж•° ',
  `shifou_types` int(11) DEFAULT NULL COMMENT 'жҳҜеҗҰжҺҘйҖҒ  Search111 ',
  `chongwujiyang_yuyue_price` decimal(10,2) DEFAULT NULL COMMENT 'жҖ»д»·ж ј',
  `chongwujiyang_yuyue_yesno_types` int(11) DEFAULT NULL COMMENT 'еҜ„е…»е®Ўж ё  Search111 ',
  `chongwujiyang_yuyue_yesno_text` text COMMENT 'е®Ўж ёз»“жһң',
  `insert_time` timestamp NULL DEFAULT NULL COMMENT 'ж·»еҠ ж—¶й—ҙ',
  `create_time` timestamp NULL DEFAULT NULL COMMENT 'еҲӣе»әж—¶й—ҙ show3 listShow',
  PRIMARY KEY (`id`)
) ENGINE=InnoDB AUTO_INCREMENT=16 DEFAULT CHARSET=utf8 COMMENT='е® зү©еҜ„е…»и®ўеҚ•';

/*Data for the table `chongwujiyang_yuyue` */

insert  into `chongwujiyang_yuyue`(`id`,`chongwujiyang_id`,`yonghu_id`,`chongwujiyang_yuyue_name`,`chongwu_types`,`chongwu_zhongliang`,`chongwujiyang_yuyue_time`,`chongwujiyang_yuyue_num`,`shifou_types`,`chongwujiyang_yuyue_price`,`chongwujiyang_yuyue_yesno_types`,`chongwujiyang_yuyue_yesno_text`,`insert_time`,`create_time`) values (1,1,3,'е® зү©еҗҚз§°1',2,376,'2023-03-11 16:32:48',254,1,'197.44',1,NULL,'2023-03-11 16:32:48','2023-03-11 16:32:48'),(2,2,1,'е® зү©еҗҚз§°2',2,291,'2023-03-11 16:32:48',247,2,'654.35',1,NULL,'2023-03-11 16:32:48','2023-03-11 16:32:48'),(3,3,1,'е® зү©еҗҚз§°3',2,35,'2023-03-11 16:32:48',50,2,'561.75',1,NULL,'2023-03-11 16:32:48','2023-03-11 16:32:48'),(4,4,3,'е® зү©еҗҚз§°4',3,130,'2023-03-11 16:32:48',219,1,'737.60',1,NULL,'2023-03-11 16:32:48','2023-03-11 16:32:48'),(5,5,1,'е® зү©еҗҚз§°5',3,349,'2023-03-11 16:32:48',369,1,'185.48',1,NULL,'2023-03-11 16:32:48','2023-03-11 16:32:48'),(6,6,1,'е® зү©еҗҚз§°6',1,354,'2023-03-11 16:32:48',478,2,'618.21',1,NULL,'2023-03-11 16:32:48','2023-03-11 16:32:48'),(7,7,3,'е® зү©еҗҚз§°7',1,414,'2023-03-11 16:32:48',473,2,'200.20',1,NULL,'2023-03-11 16:32:48','2023-03-11 16:32:48'),(8,8,2,'е® зү©еҗҚз§°8',2,93,'2023-03-11 16:32:48',26,1,'959.70',1,NULL,'2023-03-11 16:32:48','2023-03-11 16:32:48'),(9,9,3,'е® зү©еҗҚз§°9',1,31,'2023-03-11 16:32:48',332,2,'946.05',1,NULL,'2023-03-11 16:32:48','2023-03-11 16:32:48'),(10,10,2,'е® зү©еҗҚз§°10',3,39,'2023-03-11 16:32:48',277,2,'784.89',1,NULL,'2023-03-11 16:32:48','2023-03-11 16:32:48'),(11,11,2,'е® зү©еҗҚз§°11',2,476,'2023-03-11 16:32:48',287,2,'666.22',1,NULL,'2023-03-11 16:32:48','2023-03-11 16:32:48'),(12,12,1,'е® зү©еҗҚз§°12',1,164,'2023-03-11 16:32:48',111,2,'231.58',1,NULL,'2023-03-11 16:32:48','2023-03-11 16:32:48'),(13,13,3,'е® зү©еҗҚз§°13',2,306,'2023-03-11 16:32:48',176,1,'189.21',1,NULL,'2023-03-11 16:32:48','2023-03-11 16:32:48'),(14,14,2,'е® зү©еҗҚз§°14',3,265,'2023-03-11 16:32:48',453,2,'556.11',3,'дҪҷйўқдёҚи¶іиҜ·е……еҖј1111','2023-03-11 16:32:48','2023-03-11 16:32:48'),(15,2,1,'123',2,123,'2023-03-18 17:39:44',8,1,'2912.80',2,'123','2023-03-11 17:39:57','2023-03-11 17:39:57');

/*Table structure for table `chongwurizhi` */

DROP TABLE IF EXISTS `chongwurizhi`;

CREATE TABLE `chongwurizhi` (
  `id` int(11) NOT NULL AUTO_INCREMENT COMMENT 'дё»й”® ',
  `chongwujiyang_yuyue_id` int(11) DEFAULT NULL COMMENT 'е® зү©еҜ„е…»и®ўеҚ•',
  `chongwurizhi_name` varchar(200) DEFAULT NULL COMMENT 'ж Үйўҳ  Search111 ',
  `chongwurizhi_content` text COMMENT 'еҜ„е…»жңҚеҠЎиҜҰжғ…',
  `insert_time` timestamp NULL DEFAULT NULL COMMENT 'еҪ•е…Ҙж—¶й—ҙ',
  `create_time` timestamp NULL DEFAULT NULL COMMENT 'еҲӣе»әж—¶й—ҙ show3 listShow',
  PRIMARY KEY (`id`)
) ENGINE=InnoDB AUTO_INCREMENT=16 DEFAULT CHARSET=utf8 COMMENT='еҜ„еӯҳж—Ҙеҝ—';

/*Data for the table `chongwurizhi` */

insert  into `chongwurizhi`(`id`,`chongwujiyang_yuyue_id`,`chongwurizhi_name`,`chongwurizhi_content`,`insert_time`,`create_time`) values (1,1,'ж Үйўҳ1','еҜ„е…»жңҚеҠЎиҜҰжғ…1','2023-03-11 16:32:48','2023-03-11 16:32:48'),(2,2,'ж Үйўҳ2','еҜ„е…»жңҚеҠЎиҜҰжғ…2','2023-03-11 16:32:48','2023-03-11 16:32:48'),(3,3,'ж Үйўҳ3','еҜ„е…»жңҚеҠЎиҜҰжғ…3','2023-03-11 16:32:48','2023-03-11 16:32:48'),(4,4,'ж Үйўҳ4','еҜ„е…»жңҚеҠЎиҜҰжғ…4','2023-03-11 16:32:48','2023-03-11 16:32:48'),(5,5,'ж Үйўҳ5','еҜ„е…»жңҚеҠЎиҜҰжғ…5','2023-03-11 16:32:48','2023-03-11 16:32:48'),(6,6,'ж Үйўҳ6','еҜ„е…»жңҚеҠЎиҜҰжғ…6','2023-03-11 16:32:48','2023-03-11 16:32:48'),(7,7,'ж Үйўҳ7','еҜ„е…»жңҚеҠЎиҜҰжғ…7','2023-03-11 16:32:48','2023-03-11 16:32:48'),(8,8,'ж Үйўҳ8','еҜ„е…»жңҚеҠЎиҜҰжғ…8','2023-03-11 16:32:48','2023-03-11 16:32:48'),(9,9,'ж Үйўҳ9','еҜ„е…»жңҚеҠЎиҜҰжғ…9','2023-03-11 16:32:48','2023-03-11 16:32:48'),(10,10,'ж Үйўҳ10','еҜ„е…»жңҚеҠЎиҜҰжғ…10','2023-03-11 16:32:48','2023-03-11 16:32:48'),(11,11,'ж Үйўҳ11','еҜ„е…»жңҚеҠЎиҜҰжғ…11','2023-03-11 16:32:48','2023-03-11 16:32:48'),(12,12,'ж Үйўҳ12','еҜ„е…»жңҚеҠЎиҜҰжғ…12','2023-03-11 16:32:48','2023-03-11 16:32:48'),(13,13,'ж Үйўҳ13','еҜ„е…»жңҚеҠЎиҜҰжғ…13','2023-03-11 16:32:48','2023-03-11 16:32:48'),(14,14,'ж Үйўҳ14','еҜ„е…»жңҚеҠЎиҜҰжғ…14','2023-03-11 16:32:48','2023-03-11 16:32:48'),(15,15,'123','<p>123</p>','2023-03-11 17:42:29','2023-03-11 17:42:29');

/*Table structure for table `chongwuyongpin` */

DROP TABLE IF EXISTS `chongwuyongpin`;

CREATE TABLE `chongwuyongpin` (
  `id` int(11) NOT NULL AUTO_INCREMENT COMMENT 'дё»й”® ',
  `chongwuyongpin_name` varchar(200) DEFAULT NULL COMMENT 'е•Ҷе“ҒеҗҚз§°  Search111 ',
  `chongwuyongpin_uuid_number` varchar(200) DEFAULT NULL COMMENT 'е•Ҷе“Ғзј–еҸ·',
  `chongwuyongpin_photo` varchar(200) DEFAULT NULL COMMENT 'е•Ҷе“Ғз…§зүҮ',
  `chongwuyongpin_types` int(11) DEFAULT NULL COMMENT 'е•Ҷе“Ғзұ»еһӢ Search111',
  `chongwuyongpin_kucun_number` int(11) DEFAULT NULL COMMENT 'е•Ҷе“Ғеә“еӯҳ',
  `chongwuyongpin_old_money` decimal(10,2) DEFAULT NULL COMMENT 'е•Ҷе“ҒеҺҹд»· ',
  `chongwuyongpin_new_money` decimal(10,2) DEFAULT NULL COMMENT 'зҺ°д»·',
  `chongwuyongpin_clicknum` int(11) DEFAULT NULL COMMENT 'е•Ҷе“ҒзғӯеәҰ',
  `chongwuyongpin_content` text COMMENT 'е•Ҷе“Ғд»Ӣз»Қ ',
  `shangxia_types` int(11) DEFAULT NULL COMMENT 'жҳҜеҗҰдёҠжһ¶ ',
  `chongwuyongpin_delete` int(11) DEFAULT NULL COMMENT 'йҖ»иҫ‘еҲ йҷӨ',
  `insert_time` timestamp NULL DEFAULT NULL COMMENT 'еҪ•е…Ҙж—¶й—ҙ',
  `create_time` timestamp NULL DEFAULT NULL COMMENT 'еҲӣе»әж—¶й—ҙ  show1 show2 photoShow',
  PRIMARY KEY (`id`)
) ENGINE=InnoDB AUTO_INCREMENT=15 DEFAULT CHARSET=utf8 COMMENT='е•Ҷе“Ғ';

/*Data for the table `chongwuyongpin` */

insert  into `chongwuyongpin`(`id`,`chongwuyongpin_name`,`chongwuyongpin_uuid_number`,`chongwuyongpin_photo`,`chongwuyongpin_types`,`chongwuyongpin_kucun_number`,`chongwuyongpin_old_money`,`chongwuyongpin_new_money`,`chongwuyongpin_clicknum`,`chongwuyongpin_content`,`shangxia_types`,`chongwuyongpin_delete`,`insert_time`,`create_time`) values (1,'е•Ҷе“ҒеҗҚз§°1','1678523568634','upload/chongwuyongpin1.jpg',1,101,'697.02','44.19',110,'е•Ҷе“Ғд»Ӣз»Қ1',1,1,'2023-03-11 16:32:48','2023-03-11 16:32:48'),(2,'е•Ҷе“ҒеҗҚз§°2','1678523568630','upload/chongwuyongpin2.jpg',1,102,'682.23','377.16',155,'е•Ҷе“Ғд»Ӣз»Қ2',1,1,'2023-03-11 16:32:48','2023-03-11 16:32:48'),(3,'е•Ҷе“ҒеҗҚз§°3','1678523568648','upload/chongwuyongpin3.jpg',1,103,'868.29','47.84',57,'е•Ҷе“Ғд»Ӣз»Қ3',1,1,'2023-03-11 16:32:48','2023-03-11 16:32:48'),(4,'е•Ҷе“ҒеҗҚз§°4','1678523568584','upload/chongwuyongpin4.jpg',3,104,'578.94','153.11',152,'е•Ҷе“Ғд»Ӣз»Қ4',1,1,'2023-03-11 16:32:48','2023-03-11 16:32:48'),(5,'е•Ҷе“ҒеҗҚз§°5','1678523568591','upload/chongwuyongpin5.jpg',1,105,'827.88','321.76',156,'е•Ҷе“Ғд»Ӣз»Қ5',1,1,'2023-03-11 16:32:48','2023-03-11 16:32:48'),(6,'е•Ҷе“ҒеҗҚз§°6','1678523568655','upload/chongwuyongpin6.jpg',3,106,'914.20','396.75',241,'е•Ҷе“Ғд»Ӣз»Қ6',1,1,'2023-03-11 16:32:48','2023-03-11 16:32:48'),(7,'е•Ҷе“ҒеҗҚз§°7','1678523568581','upload/chongwuyongpin7.jpg',1,107,'561.88','22.49',401,'е•Ҷе“Ғд»Ӣз»Қ7',1,1,'2023-03-11 16:32:48','2023-03-11 16:32:48'),(8,'е•Ҷе“ҒеҗҚз§°8','1678523568584','upload/chongwuyongpin8.jpg',2,108,'809.07','234.38',460,'е•Ҷе“Ғд»Ӣз»Қ8',1,1,'2023-03-11 16:32:48','2023-03-11 16:32:48'),(9,'е•Ҷе“ҒеҗҚз§°9','1678523568616','upload/chongwuyongpin9.jpg',3,108,'827.90','290.13',454,'е•Ҷе“Ғд»Ӣз»Қ9',1,1,'2023-03-11 16:32:48','2023-03-11 16:32:48'),(10,'е•Ҷе“ҒеҗҚз§°10','1678523568622','upload/chongwuyongpin10.jpg',2,1009,'579.20','219.81',328,'е•Ҷе“Ғд»Ӣз»Қ10',1,1,'2023-03-11 16:32:48','2023-03-11 16:32:48'),(11,'е•Ҷе“ҒеҗҚз§°11','1678523568598','upload/chongwuyongpin11.jpg',3,1011,'885.17','308.03',493,'е•Ҷе“Ғд»Ӣз»Қ11',1,1,'2023-03-11 16:32:48','2023-03-11 16:32:48'),(12,'е•Ҷе“ҒеҗҚз§°12','1678523568606','upload/chongwuyongpin12.jpg',2,1012,'928.57','383.83',141,'е•Ҷе“Ғд»Ӣз»Қ12',1,1,'2023-03-11 16:32:48','2023-03-11 16:32:48'),(13,'е•Ҷе“ҒеҗҚз§°13','1678523568676','upload/chongwuyongpin13.jpg',2,1013,'721.56','166.27',12,'е•Ҷе“Ғд»Ӣз»Қ13',1,1,'2023-03-11 16:32:48','2023-03-11 16:32:48'),(14,'е•Ҷе“ҒеҗҚз§°14','1678523568662','upload/chongwuyongpin14.jpg',1,1014,'674.35','407.89',408,'е•Ҷе“Ғд»Ӣз»Қ14',1,1,'2023-03-11 16:32:48','2023-03-11 16:32:48');

/*Table structure for table `chongwuyongpin_collection` */

DROP TABLE IF EXISTS `chongwuyongpin_collection`;

CREATE TABLE `chongwuyongpin_collection` (
  `id` int(11) NOT NULL AUTO_INCREMENT COMMENT 'дё»й”®',
  `chongwuyongpin_id` int(11) DEFAULT NULL COMMENT 'е•Ҷе“Ғ',
  `yonghu_id` int(11) DEFAULT NULL COMMENT 'з”ЁжҲ·',
  `chongwuyongpin_collection_types` int(11) DEFAULT NULL COMMENT 'зұ»еһӢ',
  `insert_time` timestamp NULL DEFAULT NULL COMMENT 'ж”¶и—Ҹж—¶й—ҙ',
  `create_time` timestamp NULL DEFAULT NULL COMMENT 'еҲӣе»әж—¶й—ҙ show3 photoShow',
  PRIMARY KEY (`id`)
) ENGINE=InnoDB AUTO_INCREMENT=16 DEFAULT CHARSET=utf8 COMMENT='е•Ҷе“Ғж”¶и—Ҹ';

/*Data for the table `chongwuyongpin_collection` */

insert  into `chongwuyongpin_collection`(`id`,`chongwuyongpin_id`,`yonghu_id`,`chongwuyongpin_collection_types`,`insert_time`,`create_time`) values (1,1,2,1,'2023-03-11 16:32:48','2023-03-11 16:32:48'),(2,2,2,1,'2023-03-11 16:32:48','2023-03-11 16:32:48'),(3,3,3,1,'2023-03-11 16:32:48','2023-03-11 16:32:48'),(4,4,2,1,'2023-03-11 16:32:48','2023-03-11 16:32:48'),(5,5,2,1,'2023-03-11 16:32:48','2023-03-11 16:32:48'),(6,6,3,1,'2023-03-11 16:32:48','2023-03-11 16:32:48'),(7,7,1,1,'2023-03-11 16:32:48','2023-03-11 16:32:48'),(8,8,2,1,'2023-03-11 16:32:48','2023-03-11 16:32:48'),(9,9,1,1,'2023-03-11 16:32:48','2023-03-11 16:32:48'),(10,10,3,1,'2023-03-11 16:32:48','2023-03-11 16:32:48'),(11,11,3,1,'2023-03-11 16:32:48','2023-03-11 16:32:48'),(14,14,3,1,'2023-03-11 16:32:48','2023-03-11 16:32:48'),(15,12,1,1,'2023-03-11 17:36:50','2023-03-11 17:36:50');

/*Table structure for table `chongwuyongpin_commentback` */

DROP TABLE IF EXISTS `chongwuyongpin_commentback`;

CREATE TABLE `chongwuyongpin_commentback` (
  `id` int(11) NOT NULL AUTO_INCREMENT COMMENT 'дё»й”®',
  `chongwuyongpin_id` int(11) DEFAULT NULL COMMENT 'е•Ҷе“Ғ',
  `yonghu_id` int(11) DEFAULT NULL COMMENT 'з”ЁжҲ·',
  `chongwuyongpin_commentback_text` text COMMENT 'иҜ„д»·еҶ…е®№',
  `insert_time` timestamp NULL DEFAULT NULL COMMENT 'иҜ„д»·ж—¶й—ҙ',
  `reply_text` text COMMENT 'еӣһеӨҚеҶ…е®№',
  `update_time` timestamp NULL DEFAULT NULL COMMENT 'еӣһеӨҚж—¶й—ҙ',
  `create_time` timestamp NULL DEFAULT NULL COMMENT 'еҲӣе»әж—¶й—ҙ show3 listShow',
  PRIMARY KEY (`id`)
) ENGINE=InnoDB AUTO_INCREMENT=16 DEFAULT CHARSET=utf8 COMMENT='е•Ҷе“ҒиҜ„д»·';

/*Data for the table `chongwuyongpin_commentback` */

insert  into `chongwuyongpin_commentback`(`id`,`chongwuyongpin_id`,`yonghu_id`,`chongwuyongpin_commentback_text`,`insert_time`,`reply_text`,`update_time`,`create_time`) values (1,1,2,'иҜ„д»·еҶ…е®№1','2023-03-11 16:32:48','еӣһеӨҚдҝЎжҒҜ1','2023-03-11 16:32:48','2023-03-11 16:32:48'),(2,2,1,'иҜ„д»·еҶ…е®№2','2023-03-11 16:32:48','еӣһеӨҚдҝЎжҒҜ2','2023-03-11 16:32:48','2023-03-11 16:32:48'),(3,3,1,'иҜ„д»·еҶ…е®№3','2023-03-11 16:32:48','еӣһеӨҚдҝЎжҒҜ3','2023-03-11 16:32:48','2023-03-11 16:32:48'),(4,4,2,'иҜ„д»·еҶ…е®№4','2023-03-11 16:32:48','еӣһеӨҚдҝЎжҒҜ4','2023-03-11 16:32:48','2023-03-11 16:32:48'),(5,5,3,'иҜ„д»·еҶ…е®№5','2023-03-11 16:32:48','еӣһеӨҚдҝЎжҒҜ5','2023-03-11 16:32:48','2023-03-11 16:32:48'),(6,6,3,'иҜ„д»·еҶ…е®№6','2023-03-11 16:32:48','еӣһеӨҚдҝЎжҒҜ6','2023-03-11 16:32:48','2023-03-11 16:32:48'),(7,7,2,'иҜ„д»·еҶ…е®№7','2023-03-11 16:32:48','еӣһеӨҚдҝЎжҒҜ7','2023-03-11 16:32:48','2023-03-11 16:32:48'),(8,8,2,'иҜ„д»·еҶ…е®№8','2023-03-11 16:32:48','еӣһеӨҚдҝЎжҒҜ8','2023-03-11 16:32:48','2023-03-11 16:32:48'),(9,9,3,'иҜ„д»·еҶ…е®№9','2023-03-11 16:32:48','еӣһеӨҚдҝЎжҒҜ9','2023-03-11 16:32:48','2023-03-11 16:32:48'),(10,10,2,'иҜ„д»·еҶ…е®№10','2023-03-11 16:32:48','еӣһеӨҚдҝЎжҒҜ10','2023-03-11 16:32:48','2023-03-11 16:32:48'),(11,11,1,'иҜ„д»·еҶ…е®№11','2023-03-11 16:32:48','еӣһеӨҚдҝЎжҒҜ11','2023-03-11 16:32:48','2023-03-11 16:32:48'),(12,12,1,'иҜ„д»·еҶ…е®№12','2023-03-11 16:32:48','еӣһеӨҚдҝЎжҒҜ12','2023-03-11 16:32:48','2023-03-11 16:32:48'),(13,13,3,'иҜ„д»·еҶ…е®№13','2023-03-11 16:32:48','еӣһеӨҚдҝЎжҒҜ13','2023-03-11 16:32:48','2023-03-11 16:32:48'),(14,14,3,'иҜ„д»·еҶ…е®№14','2023-03-11 16:32:48','еӣһеӨҚдҝЎжҒҜ14','2023-03-11 16:32:48','2023-03-11 16:32:48'),(15,10,1,'123','2023-03-11 17:42:02','12312','2023-03-11 17:42:20','2023-03-11 17:42:02');

/*Table structure for table `chongwuyongpin_order` */

DROP TABLE IF EXISTS `chongwuyongpin_order`;

CREATE TABLE `chongwuyongpin_order` (
  `id` int(11) NOT NULL AUTO_INCREMENT COMMENT 'дё»й”®',
  `chongwuyongpin_order_uuid_number` varchar(200) DEFAULT NULL COMMENT 'и®ўеҚ•еҸ· Search111 ',
  `address_id` int(11) DEFAULT NULL COMMENT 'ж”¶иҙ§ең°еқҖ ',
  `chongwuyongpin_id` int(11) DEFAULT NULL COMMENT 'е•Ҷе“Ғ',
  `yonghu_id` int(11) DEFAULT NULL COMMENT 'з”ЁжҲ·',
  `buy_number` int(11) DEFAULT NULL COMMENT 'иҙӯд№°ж•°йҮҸ',
  `chongwuyongpin_order_true_price` decimal(10,2) DEFAULT NULL COMMENT 'е®һд»ҳд»·ж ј',
  `chongwuyongpin_order_types` int(11) DEFAULT NULL COMMENT 'и®ўеҚ•зұ»еһӢ Search111 ',
  `chongwuyongpin_order_payment_types` int(11) DEFAULT NULL COMMENT 'ж”Ҝд»ҳзұ»еһӢ',
  `insert_time` timestamp NULL DEFAULT NULL COMMENT 'и®ўеҚ•еҲӣе»әж—¶й—ҙ',
  `create_time` timestamp NULL DEFAULT NULL COMMENT 'еҲӣе»әж—¶й—ҙ show3 listShow',
  PRIMARY KEY (`id`)
) ENGINE=InnoDB AUTO_INCREMENT=4 DEFAULT CHARSET=utf8 COMMENT='е•Ҷе“Ғи®ўеҚ•';

/*Data for the table `chongwuyongpin_order` */

insert  into `chongwuyongpin_order`(`id`,`chongwuyongpin_order_uuid_number`,`address_id`,`chongwuyongpin_id`,`yonghu_id`,`buy_number`,`chongwuyongpin_order_true_price`,`chongwuyongpin_order_types`,`chongwuyongpin_order_payment_types`,`insert_time`,`create_time`) values (1,'1678527396125',6,14,1,1,'407.89',102,1,'2023-03-11 17:36:36','2023-03-11 17:36:36'),(2,'1678527396125',6,9,1,1,'290.13',103,1,'2023-03-11 17:36:36','2023-03-11 17:36:36'),(3,'1678527396125',6,10,1,1,'219.81',105,1,'2023-03-11 17:36:36','2023-03-11 17:36:36');

/*Table structure for table `config` */

DROP TABLE IF EXISTS `config`;

CREATE TABLE `config` (
  `id` bigint(20) NOT NULL AUTO_INCREMENT COMMENT 'дё»й”®',
  `name` varchar(100) NOT NULL COMMENT 'й…ҚзҪ®еҸӮж•°еҗҚз§°',
  `value` varchar(100) DEFAULT NULL COMMENT 'й…ҚзҪ®еҸӮж•°еҖј',
  PRIMARY KEY (`id`)
) ENGINE=InnoDB AUTO_INCREMENT=4 DEFAULT CHARSET=utf8 COMMENT='й…ҚзҪ®ж–Үд»¶';

/*Data for the table `config` */

insert  into `config`(`id`,`name`,`value`) values (1,'иҪ®ж’ӯеӣҫ1','upload/config1.jpg'),(2,'иҪ®ж’ӯеӣҫ2','upload/config2.jpg'),(3,'иҪ®ж’ӯеӣҫ3','upload/config3.jpg');

/*Table structure for table `dictionary` */

DROP TABLE IF EXISTS `dictionary`;

CREATE TABLE `dictionary` (
  `id` bigint(20) NOT NULL AUTO_INCREMENT COMMENT 'дё»й”®',
  `dic_code` varchar(200) DEFAULT NULL COMMENT 'еӯ—ж®ө',
  `dic_name` varchar(200) DEFAULT NULL COMMENT 'еӯ—ж®өеҗҚ',
  `code_index` int(11) DEFAULT NULL COMMENT 'зј–з Ғ',
  `index_name` varchar(200) DEFAULT NULL COMMENT 'зј–з ҒеҗҚеӯ—  Search111 ',
  `super_id` int(11) DEFAULT NULL COMMENT 'зҲ¶еӯ—ж®өid',
  `beizhu` varchar(200) DEFAULT NULL COMMENT 'еӨҮжіЁ',
  `create_time` timestamp NULL DEFAULT NULL COMMENT 'еҲӣе»әж—¶й—ҙ',
  PRIMARY KEY (`id`)
) ENGINE=InnoDB AUTO_INCREMENT=73 DEFAULT CHARSET=utf8 COMMENT='еӯ—е…ё';

/*Data for the table `dictionary` */

insert  into `dictionary`(`id`,`dic_code`,`dic_name`,`code_index`,`index_name`,`super_id`,`beizhu`,`create_time`) values (38,'shangxia_types','дёҠдёӢжһ¶',1,'дёҠжһ¶',NULL,NULL,'2023-03-11 16:32:39'),(39,'shangxia_types','дёҠдёӢжһ¶',2,'дёӢжһ¶',NULL,NULL,'2023-03-11 16:32:39'),(40,'chongwuyongpin_types','е•Ҷе“Ғзұ»еһӢ',1,'е•Ҷе“Ғзұ»еһӢ1',NULL,NULL,'2023-03-11 16:32:39'),(41,'chongwuyongpin_types','е•Ҷе“Ғзұ»еһӢ',2,'е•Ҷе“Ғзұ»еһӢ2',NULL,NULL,'2023-03-11 16:32:39'),(42,'chongwuyongpin_types','е•Ҷе“Ғзұ»еһӢ',3,'е•Ҷе“Ғзұ»еһӢ3',NULL,NULL,'2023-03-11 16:32:39'),(43,'chongwuyongpin_collection_types','ж”¶и—ҸиЎЁзұ»еһӢ',1,'ж”¶и—Ҹ',NULL,NULL,'2023-03-11 16:32:39'),(44,'chongwuyongpin_order_types','и®ўеҚ•зұ»еһӢ',101,'е·Іж”Ҝд»ҳ',NULL,NULL,'2023-03-11 16:32:39'),(45,'chongwuyongpin_order_types','и®ўеҚ•зұ»еһӢ',102,'е·ІйҖҖж¬ҫ',NULL,NULL,'2023-03-11 16:32:39'),(46,'chongwuyongpin_order_types','и®ўеҚ•зұ»еһӢ',103,'е·ІеҸ‘иҙ§',NULL,NULL,'2023-03-11 16:32:39'),(47,'chongwuyongpin_order_types','и®ўеҚ•зұ»еһӢ',104,'е·Іж”¶иҙ§',NULL,NULL,'2023-03-11 16:32:39'),(48,'chongwuyongpin_order_types','и®ўеҚ•зұ»еһӢ',105,'е·ІиҜ„д»·',NULL,NULL,'2023-03-11 16:32:39'),(49,'chongwuyongpin_order_payment_types','и®ўеҚ•ж”Ҝд»ҳзұ»еһӢ',1,'дҪҷйўқ',NULL,NULL,'2023-03-11 16:32:39'),(50,'isdefault_types','жҳҜеҗҰй»ҳи®Өең°еқҖ',1,'еҗҰ',NULL,NULL,'2023-03-11 16:32:39'),(51,'isdefault_types','жҳҜеҗҰй»ҳи®Өең°еқҖ',2,'жҳҜ',NULL,NULL,'2023-03-11 16:32:39'),(52,'chongwujiyang_types','еҜ„е…»жңҚеҠЎзұ»еһӢ',1,'еҜ„е…»жңҚеҠЎзұ»еһӢ1',NULL,NULL,'2023-03-11 16:32:39'),(53,'chongwujiyang_types','еҜ„е…»жңҚеҠЎзұ»еһӢ',2,'еҜ„е…»жңҚеҠЎзұ»еһӢ2',NULL,NULL,'2023-03-11 16:32:39'),(54,'chongwujiyang_types','еҜ„е…»жңҚеҠЎзұ»еһӢ',3,'еҜ„е…»жңҚеҠЎзұ»еһӢ3',NULL,NULL,'2023-03-11 16:32:39'),(55,'chongwu_types','е® зү©зұ»еһӢ',1,'е® зү©зұ»еһӢ1',NULL,NULL,'2023-03-11 16:32:39'),(56,'chongwu_types','е® зү©зұ»еһӢ',2,'е® зү©зұ»еһӢ2',NULL,NULL,'2023-03-11 16:32:39'),(57,'chongwu_types','е® зү©зұ»еһӢ',3,'е® зү©зұ»еһӢ3',NULL,NULL,'2023-03-11 16:32:39'),(58,'shifou_types','жҳҜеҗҰжҺҘйҖҒ',1,'жҳҜ',NULL,NULL,'2023-03-11 16:32:39'),(59,'shifou_types','жҳҜеҗҰжҺҘйҖҒ',2,'еҗҰ',NULL,NULL,'2023-03-11 16:32:39'),(60,'chongwujiyang_yuyue_yesno_types','еҜ„е…»е®Ўж ё',1,'жңӘе®Ўж ё',NULL,NULL,'2023-03-11 16:32:39'),(61,'chongwujiyang_yuyue_yesno_types','еҜ„е…»е®Ўж ё',2,'еҗҢж„Ҹ',NULL,NULL,'2023-03-11 16:32:39'),(62,'chongwujiyang_yuyue_yesno_types','еҜ„е…»е®Ўж ё',3,'жӢ’з»қ',NULL,NULL,'2023-03-11 16:32:39'),(63,'chat_types','ж•°жҚ®зұ»еһӢ',1,'й—®йўҳ',NULL,NULL,'2023-03-11 16:32:39'),(64,'chat_types','ж•°жҚ®зұ»еһӢ',2,'еӣһеӨҚ',NULL,NULL,'2023-03-11 16:32:39'),(65,'zhuangtai_types','зҠ¶жҖҒ',1,'жңӘеӣһеӨҚ',NULL,NULL,'2023-03-11 16:32:39'),(66,'zhuangtai_types','зҠ¶жҖҒ',2,'е·ІеӣһеӨҚ',NULL,NULL,'2023-03-11 16:32:39'),(67,'news_types','е…¬е‘Ҡзұ»еһӢ',1,'е…¬е‘Ҡзұ»еһӢ1',NULL,NULL,'2023-03-11 16:32:40'),(68,'news_types','е…¬е‘Ҡзұ»еһӢ',2,'е…¬е‘Ҡзұ»еһӢ2',NULL,NULL,'2023-03-11 16:32:40'),(69,'sex_types','жҖ§еҲ«зұ»еһӢ',1,'з”·',NULL,NULL,'2023-03-11 16:32:40'),(70,'sex_types','жҖ§еҲ«зұ»еһӢ',2,'еҘі',NULL,NULL,'2023-03-11 16:32:40'),(71,'forum_state_types','её–еӯҗзҠ¶жҖҒ',1,'еҸ‘её–',NULL,NULL,'2023-03-11 16:32:40'),(72,'forum_state_types','её–еӯҗзҠ¶жҖҒ',2,'еӣһеё–',NULL,NULL,'2023-03-11 16:32:40');

/*Table structure for table `forum` */

DROP TABLE IF EXISTS `forum`;

CREATE TABLE `forum` (
  `id` int(11) NOT NULL AUTO_INCREMENT COMMENT 'дё»й”®',
  `forum_name` varchar(200) DEFAULT NULL COMMENT 'её–еӯҗж Үйўҳ  Search111 ',
  `yonghu_id` int(11) DEFAULT NULL COMMENT 'з”ЁжҲ·',
  `users_id` int(11) DEFAULT NULL COMMENT 'з®ЎзҗҶе‘ҳ',
  `forum_content` text COMMENT 'еҸ‘еёғеҶ…е®№',
  `super_ids` int(11) DEFAULT NULL COMMENT 'зҲ¶id',
  `forum_state_types` int(11) DEFAULT NULL COMMENT 'её–еӯҗзҠ¶жҖҒ',
  `insert_time` timestamp NULL DEFAULT NULL COMMENT 'еҸ‘её–ж—¶й—ҙ',
  `update_time` timestamp NULL DEFAULT NULL COMMENT 'дҝ®ж”№ж—¶й—ҙ',
  `create_time` timestamp NULL DEFAULT NULL COMMENT 'еҲӣе»әж—¶й—ҙ show2',
  PRIMARY KEY (`id`)
) ENGINE=InnoDB AUTO_INCREMENT=18 DEFAULT CHARSET=utf8 COMMENT='и®әеқӣ';

/*Data for the table `forum` */

insert  into `forum`(`id`,`forum_name`,`yonghu_id`,`users_id`,`forum_content`,`super_ids`,`forum_state_types`,`insert_time`,`update_time`,`create_time`) values (1,'её–еӯҗж Үйўҳ1',3,NULL,'еҸ‘еёғеҶ…е®№1',7,1,'2023-03-11 16:32:48','2023-03-11 16:32:48','2023-03-11 16:32:48'),(2,'её–еӯҗж Үйўҳ2',2,NULL,'еҸ‘еёғеҶ…е®№2',190,1,'2023-03-11 16:32:48','2023-03-11 16:32:48','2023-03-11 16:32:48'),(3,'её–еӯҗж Үйўҳ3',3,NULL,'еҸ‘еёғеҶ…е®№3',178,1,'2023-03-11 16:32:48','2023-03-11 16:32:48','2023-03-11 16:32:48'),(4,'её–еӯҗж Үйўҳ4',2,NULL,'еҸ‘еёғеҶ…е®№4',319,1,'2023-03-11 16:32:48','2023-03-11 16:32:48','2023-03-11 16:32:48'),(5,'её–еӯҗж Үйўҳ5',1,NULL,'еҸ‘еёғеҶ…е®№5',490,1,'2023-03-11 16:32:48','2023-03-11 16:32:48','2023-03-11 16:32:48'),(6,'её–еӯҗж Үйўҳ6',1,NULL,'еҸ‘еёғеҶ…е®№6',278,1,'2023-03-11 16:32:48','2023-03-11 16:32:48','2023-03-11 16:32:48'),(7,'её–еӯҗж Үйўҳ7',1,NULL,'еҸ‘еёғеҶ…е®№7',83,1,'2023-03-11 16:32:48','2023-03-11 16:32:48','2023-03-11 16:32:48'),(8,'её–еӯҗж Үйўҳ8',3,NULL,'еҸ‘еёғеҶ…е®№8',285,1,'2023-03-11 16:32:48','2023-03-11 16:32:48','2023-03-11 16:32:48'),(9,'её–еӯҗж Үйўҳ9',3,NULL,'еҸ‘еёғеҶ…е®№9',182,1,'2023-03-11 16:32:48','2023-03-11 16:32:48','2023-03-11 16:32:48'),(10,'её–еӯҗж Үйўҳ10',3,NULL,'еҸ‘еёғеҶ…е®№10',465,1,'2023-03-11 16:32:48','2023-03-11 16:32:48','2023-03-11 16:32:48'),(11,'её–еӯҗж Үйўҳ11',1,NULL,'еҸ‘еёғеҶ…е®№11',424,1,'2023-03-11 16:32:48','2023-03-11 16:32:48','2023-03-11 16:32:48'),(12,'её–еӯҗж Үйўҳ12',1,NULL,'еҸ‘еёғеҶ…е®№12',129,1,'2023-03-11 16:32:48','2023-03-11 16:32:48','2023-03-11 16:32:48'),(13,'её–еӯҗж Үйўҳ13',3,NULL,'еҸ‘еёғеҶ…е®№13',412,1,'2023-03-11 16:32:48','2023-03-11 16:32:48','2023-03-11 16:32:48'),(14,'её–еӯҗж Үйўҳ14',1,NULL,'еҸ‘еёғеҶ…е®№14',488,1,'2023-03-11 16:32:48','2023-03-11 16:32:48','2023-03-11 16:32:48'),(16,NULL,NULL,1,'123123',14,2,'2023-03-11 17:42:50',NULL,'2023-03-11 17:42:50'),(17,NULL,1,NULL,'123123',14,2,'2023-03-11 17:43:00',NULL,'2023-03-11 17:43:00');

/*Table structure for table `news` */

DROP TABLE IF EXISTS `news`;

CREATE TABLE `news` (
  `id` int(11) NOT NULL AUTO_INCREMENT COMMENT 'дё»й”®',
  `news_name` varchar(200) DEFAULT NULL COMMENT 'е…¬е‘Ҡж Үйўҳ  Search111 ',
  `news_types` int(11) DEFAULT NULL COMMENT 'е…¬е‘Ҡзұ»еһӢ  Search111 ',
  `news_photo` varchar(200) DEFAULT NULL COMMENT 'е…¬е‘ҠеӣҫзүҮ',
  `insert_time` timestamp NULL DEFAULT NULL COMMENT 'ж·»еҠ ж—¶й—ҙ',
  `news_content` text COMMENT 'е…¬е‘ҠиҜҰжғ…',
  `create_time` timestamp NULL DEFAULT NULL COMMENT 'еҲӣе»әж—¶й—ҙ show1 show2 nameShow',
  PRIMARY KEY (`id`)
) ENGINE=InnoDB AUTO_INCREMENT=15 DEFAULT CHARSET=utf8 COMMENT='е…¬е‘ҠдҝЎжҒҜ';

/*Data for the table `news` */

insert  into `news`(`id`,`news_name`,`news_types`,`news_photo`,`insert_time`,`news_content`,`create_time`) values (1,'е…¬е‘Ҡж Үйўҳ1',2,'upload/news1.jpg','2023-03-11 16:32:48','е…¬е‘ҠиҜҰжғ…1','2023-03-11 16:32:48'),(2,'е…¬е‘Ҡж Үйўҳ2',1,'upload/news2.jpg','2023-03-11 16:32:48','е…¬е‘ҠиҜҰжғ…2','2023-03-11 16:32:48'),(3,'е…¬е‘Ҡж Үйўҳ3',1,'upload/news3.jpg','2023-03-11 16:32:48','е…¬е‘ҠиҜҰжғ…3','2023-03-11 16:32:48'),(4,'е…¬е‘Ҡж Үйўҳ4',2,'upload/news4.jpg','2023-03-11 16:32:48','е…¬е‘ҠиҜҰжғ…4','2023-03-11 16:32:48'),(5,'е…¬е‘Ҡж Үйўҳ5',1,'upload/news5.jpg','2023-03-11 16:32:48','е…¬е‘ҠиҜҰжғ…5','2023-03-11 16:32:48'),(6,'е…¬е‘Ҡж Үйўҳ6',1,'upload/news6.jpg','2023-03-11 16:32:48','е…¬е‘ҠиҜҰжғ…6','2023-03-11 16:32:48'),(7,'е…¬е‘Ҡж Үйўҳ7',2,'upload/news7.jpg','2023-03-11 16:32:48','е…¬е‘ҠиҜҰжғ…7','2023-03-11 16:32:48'),(8,'е…¬е‘Ҡж Үйўҳ8',2,'upload/news8.jpg','2023-03-11 16:32:48','е…¬е‘ҠиҜҰжғ…8','2023-03-11 16:32:48'),(9,'е…¬е‘Ҡж Үйўҳ9',2,'upload/news9.jpg','2023-03-11 16:32:48','е…¬е‘ҠиҜҰжғ…9','2023-03-11 16:32:48'),(10,'е…¬е‘Ҡж Үйўҳ10',2,'upload/news10.jpg','2023-03-11 16:32:48','е…¬е‘ҠиҜҰжғ…10','2023-03-11 16:32:48'),(11,'е…¬е‘Ҡж Үйўҳ11',2,'upload/news11.jpg','2023-03-11 16:32:48','е…¬е‘ҠиҜҰжғ…11','2023-03-11 16:32:48'),(12,'е…¬е‘Ҡж Үйўҳ12',2,'upload/news12.jpg','2023-03-11 16:32:48','е…¬е‘ҠиҜҰжғ…12','2023-03-11 16:32:48'),(13,'е…¬е‘Ҡж Үйўҳ13',1,'upload/news13.jpg','2023-03-11 16:32:48','е…¬е‘ҠиҜҰжғ…13','2023-03-11 16:32:48'),(14,'е…¬е‘Ҡж Үйўҳ14',1,'upload/news14.jpg','2023-03-11 16:32:48','е…¬е‘ҠиҜҰжғ…14','2023-03-11 16:32:48');

/*Table structure for table `token` */

DROP TABLE IF EXISTS `token`;

CREATE TABLE `token` (
  `id` bigint(20) NOT NULL AUTO_INCREMENT COMMENT 'дё»й”®',
  `userid` bigint(20) NOT NULL COMMENT 'з”ЁжҲ·id',
  `username` varchar(100) NOT NULL COMMENT 'з”ЁжҲ·еҗҚ',
  `tablename` varchar(100) DEFAULT NULL COMMENT 'иЎЁеҗҚ',
  `role` varchar(100) DEFAULT NULL COMMENT 'и§’иүІ',
  `token` varchar(200) NOT NULL COMMENT 'еҜҶз Ғ',
  `addtime` timestamp NOT NULL DEFAULT CURRENT_TIMESTAMP COMMENT 'ж–°еўһж—¶й—ҙ',
  `expiratedtime` timestamp NOT NULL DEFAULT CURRENT_TIMESTAMP COMMENT 'иҝҮжңҹж—¶й—ҙ',
  PRIMARY KEY (`id`)
) ENGINE=InnoDB AUTO_INCREMENT=3 DEFAULT CHARSET=utf8 COMMENT='tokenиЎЁ';

/*Data for the table `token` */

insert  into `token`(`id`,`userid`,`username`,`tablename`,`role`,`token`,`addtime`,`expiratedtime`) values (1,1,'admin','users','з®ЎзҗҶе‘ҳ','44bgnak68s9tv2k5tjw8m7rwta8t7te4','2023-03-11 16:52:04','2023-03-11 18:43:27'),(2,1,'a1','yonghu','з”ЁжҲ·','ech33hfjl05u8r7u3cxufzqhfiudxp1b','2023-03-11 16:53:53','2023-03-11 18:35:50');

/*Table structure for table `users` */

DROP TABLE IF EXISTS `users`;

CREATE TABLE `users` (
  `id` bigint(20) NOT NULL AUTO_INCREMENT COMMENT 'дё»й”®',
  `username` varchar(100) NOT NULL COMMENT 'з”ЁжҲ·еҗҚ',
  `password` varchar(100) NOT NULL COMMENT 'еҜҶз Ғ',
  `role` varchar(100) DEFAULT 'з®ЎзҗҶе‘ҳ' COMMENT 'и§’иүІ',
  `addtime` timestamp NOT NULL DEFAULT CURRENT_TIMESTAMP COMMENT 'ж–°еўһж—¶й—ҙ',
  PRIMARY KEY (`id`)
) ENGINE=InnoDB AUTO_INCREMENT=2 DEFAULT CHARSET=utf8 COMMENT='з®ЎзҗҶе‘ҳ';

/*Data for the table `users` */

insert  into `users`(`id`,`username`,`password`,`role`,`addtime`) values (1,'admin','admin','з®ЎзҗҶе‘ҳ','2022-05-01 00:00:00');

/*Table structure for table `yonghu` */

DROP TABLE IF EXISTS `yonghu`;

CREATE TABLE `yonghu` (
  `id` int(11) NOT NULL AUTO_INCREMENT COMMENT 'дё»й”®',
  `username` varchar(200) DEFAULT NULL COMMENT 'иҙҰжҲ·',
  `password` varchar(200) DEFAULT NULL COMMENT 'еҜҶз Ғ',
  `yonghu_name` varchar(200) DEFAULT NULL COMMENT 'з”ЁжҲ·е§“еҗҚ Search111 ',
  `yonghu_phone` varchar(200) DEFAULT NULL COMMENT 'иҒ”зі»ж–№ејҸ',
  `yonghu_id_number` varchar(200) DEFAULT NULL COMMENT 'иә«д»ҪиҜҒеҸ·',
  `yonghu_photo` varchar(200) DEFAULT NULL COMMENT 'з”ЁжҲ·еӨҙеғҸ',
  `sex_types` int(11) DEFAULT NULL COMMENT 'жҖ§еҲ« Search111',
  `yonghu_email` varchar(200) DEFAULT NULL COMMENT 'з”өеӯҗйӮ®з®ұ',
  `new_money` decimal(10,2) DEFAULT NULL COMMENT 'дҪҷйўқ ',
  `create_time` timestamp NULL DEFAULT NULL COMMENT 'еҲӣе»әж—¶й—ҙ',
  PRIMARY KEY (`id`)
) ENGINE=InnoDB AUTO_INCREMENT=4 DEFAULT CHARSET=utf8 COMMENT='з”ЁжҲ·';

/*Data for the table `yonghu` */

insert  into `yonghu`(`id`,`username`,`password`,`yonghu_name`,`yonghu_phone`,`yonghu_id_number`,`yonghu_photo`,`sex_types`,`yonghu_email`,`new_money`,`create_time`) values (1,'a1','123456','з”ЁжҲ·е§“еҗҚ1','17703786901','410224199010102001','upload/yonghu1.jpg',1,'1@qq.com','76963.93','2023-03-11 16:32:48'),(2,'a2','123456','з”ЁжҲ·е§“еҗҚ2','17703786902','410224199010102002','upload/yonghu2.jpg',2,'2@qq.com','59.69','2023-03-11 16:32:48'),(3,'a3','123456','з”ЁжҲ·е§“еҗҚ3','17703786903','410224199010102003','upload/yonghu3.jpg',2,'3@qq.com','36.21','2023-03-11 16:32:48');

/*!40101 SET SQL_MODE=@OLD_SQL_MODE */;
/*!40014 SET FOREIGN_KEY_CHECKS=@OLD_FOREIGN_KEY_CHECKS */;
/*!40014 SET UNIQUE_CHECKS=@OLD_UNIQUE_CHECKS */;
/*!40111 SET SQL_NOTES=@OLD_SQL_NOTES */;

-- е® зү©еҲҶзұ»иЎЁ
CREATE TABLE IF NOT EXISTS `pet_category` (
  `id` int(11) NOT NULL AUTO_INCREMENT COMMENT 'дё»й”®',
  `name` varchar(100) NOT NULL COMMENT 'еҲҶзұ»еҗҚз§°',
  `parent_id` int(11) DEFAULT NULL COMMENT 'зҲ¶еҲҶзұ»IDпјҢ0иЎЁзӨәйЎ¶зә§еҲҶзұ»',
  `level` int(11) NOT NULL DEFAULT 1 COMMENT 'еҲҶзұ»еұӮзә§',
  `sort` int(11) NOT NULL DEFAULT 0 COMMENT 'жҺ’еәҸ',
  `create_time` timestamp NOT NULL DEFAULT CURRENT_TIMESTAMP COMMENT 'еҲӣе»әж—¶й—ҙ',
  PRIMARY KEY (`id`),
  KEY `parent_id` (`parent_id`)
) ENGINE=InnoDB DEFAULT CHARSET=utf8mb4 COMMENT='е® зү©еҲҶзұ»иЎЁ';
 
-- е® зү©иЎЁ
CREATE TABLE IF NOT EXISTS `pets` (
  `id` int(11) NOT NULL AUTO_INCREMENT COMMENT 'дё»й”®',
  `name` varchar(100) NOT NULL COMMENT 'е® зү©еҗҚз§°',
  `category_id` int(11) NOT NULL COMMENT 'еҲҶзұ»ID',
  `gender` varchar(10) NOT NULL COMMENT 'жҖ§еҲ«',
  `age` varchar(20) NOT NULL COMMENT 'е№ҙйҫ„',
  `breed` varchar(100) NOT NULL COMMENT 'е“Ғз§Қ',
  `price` decimal(10,2) NOT NULL COMMENT 'д»·ж ј',
  `description` text COMMENT 'жҸҸиҝ°',
  `image_url` varchar(255) COMMENT 'еӣҫзүҮURL',
  `status` int(11) NOT NULL DEFAULT 1 COMMENT 'зҠ¶жҖҒпјҡ1=дёҠжһ¶пјҢ0=дёӢжһ¶',
  `click_num` int(11) NOT NULL DEFAULT 0 COMMENT 'зӮ№еҮ»ж•°',
  `create_time` timestamp NOT NULL DEFAULT CURRENT_TIMESTAMP COMMENT 'еҲӣе»әж—¶й—ҙ',
  PRIMARY KEY (`id`),
  KEY `category_id` (`category_id`),
  KEY `status` (`status`)
) ENGINE=InnoDB DEFAULT CHARSET=utf8mb4 COMMENT='е® зү©иЎЁ';
 
-- е® зү©и®ўеҚ•иЎЁ
CREATE TABLE IF NOT EXISTS `pet_order` (
  `id` int(11) NOT NULL AUTO_INCREMENT COMMENT 'дё»й”®',
  `order_uuid` varchar(100) NOT NULL COMMENT 'и®ўеҚ•еҸ·',
  `user_id` int(11) NOT NULL COMMENT 'з”ЁжҲ·ID',
  `pet_id` int(11) NOT NULL COMMENT 'е® зү©ID',
  `address_id` int(11) NOT NULL COMMENT 'ж”¶иҙ§ең°еқҖID',
  `price` decimal(10,2) NOT NULL COMMENT 'и®ўеҚ•д»·ж ј',
  `order_type` int(11) NOT NULL DEFAULT 1 COMMENT 'и®ўеҚ•зұ»еһӢ',
  `payment_type` int(11) DEFAULT NULL COMMENT 'ж”Ҝд»ҳзұ»еһӢ',
  `order_status` int(11) NOT NULL DEFAULT 1 COMMENT 'и®ўеҚ•зҠ¶жҖҒпјҡ1=еҫ…д»ҳж¬ҫпјҢ2=еҫ…еҸ‘иҙ§пјҢ3=е·ІеҸ‘иҙ§пјҢ4=е·Іе®ҢжҲҗпјҢ5=е·ІеҸ–ж¶Ҳ',
  `create_time` timestamp NOT NULL DEFAULT CURRENT_TIMESTAMP COMMENT 'еҲӣе»әж—¶й—ҙ',
  `update_time` timestamp NOT NULL DEFAULT CURRENT_TIMESTAMP ON UPDATE CURRENT_TIMESTAMP COMMENT 'жӣҙж–°ж—¶й—ҙ',
  PRIMARY KEY (`id`),
  KEY `user_id` (`user_id`),
  KEY `pet_id` (`pet_id`),
  KEY `order_status` (`order_status`)
) ENGINE=InnoDB DEFAULT CHARSET=utf8mb4 COMMENT='е® зү©и®ўеҚ•иЎЁ';
 
-- жҸ’е…ҘзӨәдҫӢж•°жҚ®
-- е® зү©еҲҶзұ»
INSERT INTO `pet_category` (`name`, `parent_id`, `level`, `sort`) VALUES
('зӢ—', 0, 1, 1),
('зҢ«', 0, 1, 2),
('е…¶д»–е® зү©', 0, 1, 3),
('жӢүеёғжӢүеӨҡ', 1, 2, 1),
('йҮ‘жҜӣ', 1, 2, 2),
('жі°иҝӘ', 1, 2, 3),
('иӢұзҹӯ', 2, 2, 1),
('зҫҺзҹӯ', 2, 2, 2),
('еёғеҒ¶', 2, 2, 3);
 
-- е® зү©
INSERT INTO `pets` (`name`, `category_id`, `gender`, `age`, `price`, `description`, `image_url`, `status`) VALUES
('е°Ҹй»‘', 4, 'е…¬', '2дёӘжңҲ', 1500.00, 'жҙ»жіјеҸҜзҲұпјҢе·ІжҺҘз§Қз–«иӢ—', 'https://trae-api-cn.mchost.guru/api/ide/v1/text_to_image?prompt=cute%20black%20labrador%20puppy&image_size=square_hd', 1),
('е°ҸзҷҪ', 5, 'жҜҚ', '3дёӘжңҲ', 2000.00, 'жё©йЎәд№–е·§пјҢе·ІжҺҘз§Қз–«иӢ—', 'https://trae-api-cn.mchost.guru/api/ide/v1/text_to_image?prompt=cute%20golden%20retriever%20puppy&image_size=square_hd', 1),
('е’Әе’Ә', 7, 'жҜҚ', '1дёӘжңҲ', 1800.00, 'зІҳдәәеҸҜзҲұпјҢе·Ій©ұиҷ«', 'https://trae-api-cn.mchost.guru/api/ide/v1/text_to_image?prompt=cute%20british%20shorthair%20kitten&image_size=square_hd', 1);